mae,rmse,r2,fold,best_params_json
377.80436927753567,630.534768021192,0.23314887744104829,holdout,"{""alpha"": 100.0}"
