mae,rmse,r2,fold,best_params_json
278.88112597827575,629.993922602542,-0.18987069072567642,holdout,"{""strategy"": ""median""}"
