mae,rmse,r2,fold,best_params_json
232.61186633278794,508.9342040959232,0.2234841473428365,holdout,"{""alpha"": 100.0}"
