mae,rmse,r2,fold,best_params_json
180.85635582002092,1428.4616163841297,-0.015842671986869616,holdout,"{""strategy"": ""median""}"
