mae,rmse,r2,fold,best_params_json
179.92297811147577,1424.976141916137,-0.010891367765627713,holdout,"{""alpha"": 100.0}"
